2025-04-04 17:44:40,pressed key I understand,
2025-04-04 17:44:58,Loaded image,./case_studies/0\1130.jpg
2025-04-04 17:45:00,Proceeding to next page...,
2025-04-04 17:45:04,temporary_notes_3,
2025-04-04 17:45:04,First impression: Art Nouveau Modern,
2025-04-04 17:45:50,temporary_notes_4,
2025-04-04 17:45:50,Second impression: Art Nouveau Modern,
2025-04-04 17:45:54,temporary_notes_5,
2025-04-04 17:45:54,Third impression: Art Nouveau Modern,
2025-04-04 17:46:02,temporary_notes_6,
2025-04-04 17:46:02,Fourth impression: Art Nouveau Modern,
2025-04-04 17:46:17,temporary_notes_7,
2025-04-04 17:46:17,Fifth impression: Art Nouveau Modern,
2025-04-04 17:47:42,Beginning new session,
2025-04-04 17:47:44,Loaded image,./case_studies/0\1130.jpg
2025-04-04 17:47:46,Proceeding to next page...,
2025-04-04 17:47:51,temporary_notes_3,
2025-04-04 17:47:51,First impression: Art Nouveau Modern,
2025-04-04 17:47:51,Saved their impression at page 3,
